,Unnamed: 0,CellID,ClusterID,EventID,file_prefix,Region,TMA_AB,TMA_12,Index in File,groups,patients,spots,CD44 - stroma:Cyc_2_ch_2,FOXP3 - regulatory T cells:Cyc_2_ch_3,CD8 - cytotoxic T cells:Cyc_3_ch_2,p53 - tumor suppressor:Cyc_3_ch_3,GATA3 - Th2 helper T cells:Cyc_3_ch_4,CD45 - hematopoietic cells:Cyc_4_ch_2,T-bet - Th1 cells:Cyc_4_ch_3,beta-catenin - Wnt signaling:Cyc_4_ch_4,HLA-DR - MHC-II:Cyc_5_ch_2,PD-L1 - checkpoint:Cyc_5_ch_3,Ki67 - proliferation:Cyc_5_ch_4,CD45RA - naive T cells:Cyc_6_ch_2,CD4 - T helper cells:Cyc_6_ch_3,CD21 - DCs:Cyc_6_ch_4,MUC-1 - epithelia:Cyc_7_ch_2,CD30 - costimulator:Cyc_7_ch_3,CD2 - T cells:Cyc_7_ch_4,Vimentin - cytoplasm:Cyc_8_ch_2,CD20 - B cells:Cyc_8_ch_3,LAG-3 - checkpoint:Cyc_8_ch_4,Na-K-ATPase - membranes:Cyc_9_ch_2,CD5 - T cells:Cyc_9_ch_3,IDO-1 - metabolism:Cyc_9_ch_4,Cytokeratin - epithelia:Cyc_10_ch_2,CD11b - macrophages:Cyc_10_ch_3,CD56 - NK cells:Cyc_10_ch_4,aSMA - smooth muscle:Cyc_11_ch_2,BCL-2 - apoptosis:Cyc_11_ch_3,CD25 - IL-2 Ra:Cyc_11_ch_4,CD11c - DCs:Cyc_12_ch_3,PD-1 - checkpoint:Cyc_12_ch_4,Granzyme B - cytotoxicity:Cyc_13_ch_2,EGFR - signaling:Cyc_13_ch_3,VISTA - costimulator:Cyc_13_ch_4,CD15 - granulocytes:Cyc_14_ch_2,ICOS - costimulator:Cyc_14_ch_4,Synaptophysin - neuroendocrine:Cyc_15_ch_3,GFAP - nerves:Cyc_16_ch_2,CD7 - T cells:Cyc_16_ch_3,CD3 - T cells:Cyc_16_ch_4,Chromogranin A - neuroendocrine:Cyc_17_ch_2,CD163 - macrophages:Cyc_17_ch_3,CD45RO - memory cells:Cyc_18_ch_3,CD68 - macrophages:Cyc_18_ch_4,CD31 - vasculature:Cyc_19_ch_3,Podoplanin - lymphatics:Cyc_19_ch_4,CD34 - vasculature:Cyc_20_ch_3,CD38 - multifunctional:Cyc_20_ch_4,CD138 - plasma cells:Cyc_21_ch_3,cell_id:cell_id,tile_nr:tile_nr,x,y,X_withinTile:X_withinTile,Y_withinTile:Y_withinTile,Z:Z,size:size,HOECHST1:Cyc_1_ch_1,CDX2 - intestinal epithelia:Cyc_2_ch_4,Collagen IV - bas. memb.:Cyc_12_ch_2,CD194 - CCR4 chemokine R:Cyc_14_ch_3,MMP9 - matrix metalloproteinase:Cyc_15_ch_2,CD71 - transferrin R:Cyc_15_ch_4,CD57 - NK cells:Cyc_17_ch_4,MMP12 - matrix metalloproteinase:Cyc_21_ch_4,DRAQ5:Cyc_23_ch_4,Profile_Homogeneity:Fiter1,ClusterSize,cell_type,neighborhood10,CD4+ICOS+,CD4+Ki67+,CD4+PD-1+,CD68+CD163+ICOS+,CD68+CD163+Ki67+,CD68+CD163+PD-1+,CD68+ICOS+,CD68+Ki67+,CD68+PD-1+,CD8+ICOS+,CD8+Ki67+,CD8+PD-1+,Treg-ICOS+,Treg-Ki67+,Treg-PD-1+,neighborhood number final,neighborhood name
15392,15392,15392,10668,173826,reg043_B,reg043,B,2,1078,2,22,43_B,971.4385376,926.8615112,691.8308716,1337.553345,107.0313034,0.532543898,809.1789551,2377.244385,0.0,165.6663513,9.556999207,171.9427795,189.1074219,73.50079346,16.10207939,179.14350890000003,98.98633575,389.9998169,0.0,86.15010834,0.0,1015.465393,239.74162290000004,1.209004998,5813.21582,1370.637085,0.0,35.98554993,430.9812012,107.953804,300.2975159,0.0,959.3690796,284.8073425,149.17875669999998,8.817229271,0.0,36.36779785,0.0,75.30306244,0.165182918,9.831315994,2875.449951,595.5536499,147.3874054,6.7826781270000005,602.9363403,180.7385406,0.0,2614,43,178,85,928,1085,8,12302,2246.908447,319.0246887,0.0,2502.788574,0.225021392,2188.768555,36.55282593,9.123433113,2299.417725,5.483619213,22144,granulocytes,1,0,0,0,0,0,0,0,0,0,0,0,0,0,0,0,,
45833,45833,45833,10663,173722,reg043_B,reg043,B,2,974,2,22,43_B,434.9204102,417.7862244,299.04040530000003,794.1044312000001,28.88619041,2.032441854,387.0396729,1677.8925780000002,2.0097274780000003,319.181366,15.36043262,291.45281980000004,199.4199066,19.27031326,43.6004982,78.40815735,15.09509468,560.1359252999999,0.031035841,24.87974548,0.0,113.9396744,75.51805115,10.82267189,447.6458435,235.8341522,2.444545984,59.35035706,67.0515213,86.08203888,100.1077423,0.007597636,370.4777832,40.27532959,0.749913037,0.0,1.592318773,50.6169014,0.509272993,0.0,0.0,0.0,2466.086182,60.69367218,8.607061386,0.0,562.6668701,6.319584846000001,0.02413656,2395,43,114,134,864,1134,14,630,308.6481628,271.29522710000003,4.039566993999999,1396.7553710000002,0.3788567779999999,1588.442749,0.0,0.0,524.2442627,5.8883972170000005,16661,CD4+ T cells CD45RO+,1,0,0,0,0,0,0,0,0,0,0,0,0,0,0,0,,
82310,82310,82310,10666,173550,reg043_B,reg043,B,2,802,2,22,43_B,94.16020203,97.21738434,102.1667709,616.6558838,44.13846588,1.894901156,138.81715390000002,1497.537109,1.924952745,70.77048492,390.4909058,99.25259399,71.86232758,39.62276077,9.714997292,98.0933075,54.87411118,83.43962859999999,0.00500095,51.76079559,0.0,468.9429016,140.307663,0.0,595.6883545,311.569458,0.675283372,38.23131943,117.9925995,97.13710785,179.6551361,0.0,441.6398621,122.8731842,0.029145446,7.79526186,1.743036866,45.69742203,0.237326518,36.79126358,0.000261,14.21307755,0.0,94.58815765,0.100348309,4.379456043,27.79598808,62.18196869,0.014859135,2051,43,0,142,750,1142,10,5703,1491.806885,413.5569458,0.942812264,1129.248535,0.058881462,1234.876709,28.77552032,10.97816086,1444.0466310000002,5.40096426,47602,tumor cells,1,0,0,0,0,0,0,0,0,0,0,0,0,0,0,0,,
82314,82314,82314,10666,173591,reg043_B,reg043,B,2,843,2,22,43_B,312.64978030000003,407.0750427,92.75237274,2295.993896,45.02868271,0.0,642.3176269999999,2065.2583010000003,0.0,0.0,156.0224762,0.0,0.0,33.15228653,0.0,0.0,43.09070587,0.0,0.0,43.60883713,19.27330971,1300.241699,195.8870697,0.0,1023.895691,266.5404358,0.0,0.0,64.32521820000001,0.0,190.2233276,0.0,1516.342163,123.2038422,0.0,2.623066187,0.0,0.0,0.0,38.72784424,0.0,0.0,326.26205439999995,18.14808464,0.0,1.592457414,0.0,43.66007614,0.0,2130,43,15,153,765,1153,10,10741,1098.229126,352.71896360000005,0.0,1983.203003,0.0,1348.2241210000002,20.19667435,3.5957221980000003,1315.278442,4.9970426560000005,47602,tumor cells,1,0,0,0,0,0,0,0,0,0,0,0,0,0,0,0,,
82317,82317,82317,10666,173649,reg043_B,reg043,B,2,901,2,22,43_B,443.6872559,441.8010864,428.6877747,1122.606445,59.93599701,43.24563599,746.6859131,2208.147217,48.574543,277.7998047,0.0,360.08078,256.4552307,50.99251175,101.6275253,224.2939758,70.80521393,248.2129517,0.47355336,64.76021576,4.815608501,1471.89978,208.9662476,258.6211548,1363.606567,394.9448547,26.80887794,161.12593080000002,155.40228269999997,246.3265228,250.39392090000004,0.12186031,1434.202637,197.363327,2.611661434,14.66842937,25.23864555,184.6270752,11.48091412,57.87321472,0.001321471,2.936689854,0.0,0.0,4.77545929,10.73328209,147.8496399,90.96698761,0.376170874,2237,43,65,115,815,1115,10,9251,778.9257812999999,474.4370728,25.55582428,3837.262695,7.170083046,2162.688965,25.25401688,16.60011673,1145.111938,5.028460503,47602,tumor cells,1,0,0,0,0,0,0,0,0,0,0,0,0,0,0,0,,
82322,82322,82322,10666,173720,reg043_B,reg043,B,2,972,2,22,43_B,503.4448853,730.0794067,57.96615601,2995.323975,75.6217041,1.100888252,1178.273071,3676.411621,0.0,0.0,23.5904541,0.0,0.0,42.17375946,469.5032349,0.0,74.83847046,0.0,0.029675635,75.77879333,1.423141599,2401.270508,378.7469177,46.76270676,1597.946045,1106.1408689999998,1.019855976,0.0,407.8295593,0.0,345.71975710000004,0.010643207,1931.452148,300.07858280000005,1.657518268,4.071415424,1.142277241,0.0,0.312814146,57.35519409,0.020359972,29.86631393,0.0,0.0,0.0,1.200507402,0.0,46.57372284,0.022279643,2389,43,115,177,865,1177,10,2738,2000.897583,998.8026733,1.562314868,3893.336914,0.332191229,3014.354004,35.9742012,6.876948832999999,1817.643677,5.927944182999999,47602,tumor cells,1,0,0,0,0,0,0,0,0,0,0,0,0,0,0,0,,
82325,82325,82325,10666,173751,reg043_B,reg043,B,2,1003,2,22,43_B,0.0,0.0,0.0,0.0,0.0,0.0,0.0,3471.119873,0.0,0.0,0.0,0.0,0.0,0.0,0.0,0.0,0.0,0.0,0.0,0.0,0.0,1100.062866,444.5718994,0.0,675.5271606000001,705.0545043999999,0.0,0.0,90.76254272,0.0,202.1849518,0.0,178.7906189,114.5132217,9.78110981,0.0,0.0,0.0,0.0,0.0,1.309660912,0.0,137.963028,297.8672791,3.101817369,0.0,0.0,0.0,0.0,2455,43,142,43,892,1043,8,769,1737.043701,274.2862854,0.0,2485.53418,0.0,2800.40625,0.0,0.0,1249.8186039999998,5.449528694,47602,tumor cells,1,0,0,0,0,0,0,0,0,0,0,0,0,0,0,0,,
82327,82327,82327,10666,173755,reg043_B,reg043,B,2,1007,2,22,43_B,289.0780945,300.89041139999995,135.7654572,566.5899658,41.63923264,14.4387207,434.4094543000001,2190.137207,16.697855,87.46253967,28.33697891,100.1108398,65.5057373,34.37415695,83.37970734,32.44841766,42.87937546,623.6384277000001,0.015052373,38.38291168,2.476716995,678.6213989,208.2753754,70.81880188,766.678772,458.7105713,19.0382328,36.60078812,108.81333159999998,68.84209442,207.380127,0.002350278,895.0554810000001,146.23902890000002,3.730672836,5.763903618,3.370765448,61.26621246,1.281762958,30.10566902,0.019901194,23.34199715,1857.324829,189.3490906,243.2561798,3.20886898,341.5696716,99.36736298,0.009785143,2466,43,131,117,881,1117,8,9757,920.3840942,314.4496155,7.113406658,2770.931885,0.752362967,2056.941406,15.06808949,8.246947289,1023.135559,4.764690399,47602,tumor cells,1,0,0,0,0,0,0,0,0,0,0,0,0,0,0,0,,
82332,82332,82332,10666,173768,reg043_B,reg043,B,2,1020,2,22,43_B,0.0,0.0,0.0,647.5362549,32.89658356,0.0,57.18165588,4202.777344,0.0,0.0,0.0,0.0,0.0,0.0,0.0,0.0,14.97874165,0.0,0.30619064,19.2525425,0.0,1159.178223,457.7171021000001,0.0,1670.194092,967.5247192,1.184015155,0.0,463.8149109,0.0,375.368042,0.063915335,2157.729736,307.5448914,7.470786572000001,0.0,0.337349594,0.0,0.630131483,23.81041908,0.438999832,0.0,0.0,347.10211180000005,4.213635445,0.0,0.0,59.64187241,0.1268995259999999,2498,43,141,13,891,1013,7,1416,1515.83374,667.2113037,0.6267868879999999,5634.484375,0.7123240829999999,4297.594727000001,0.0,0.0,1257.4313960000002,5.523827552999999,47602,tumor cells,1,0,0,0,0,0,0,0,0,0,0,0,0,0,0,0,,
82336,82336,82336,10666,173815,reg043_B,reg043,B,2,1067,2,22,43_B,178.4110718,229.2881927,102.5738373,1014.543518,56.2606163,0.0,285.71228030000003,1704.3460690000002,0.0,6.734078407,3.658392668,0.0,0.0,11.03217602,0.0,11.07614708,31.05189896,32.51143646,0.0,31.05158997,0.0,1129.778198,175.1910248,0.0,678.2052612000001,275.7869568,0.0,0.0,0.0,0.0,158.8110352,0.0,584.2878417999999,116.2409439,0.5090855360000001,0.566249609,0.0,0.0,0.0,29.36421585,0.0,0.0,0.0,37.42831039,4.948117256000001,0.982076049,17.86187363,13.280159,0.0,2594,43,180,164,930,1164,8,1302,1238.379761,385.0187073,0.0,3083.2495120000003,0.0,1225.692627,14.05607796,2.154884815,979.4832153,5.684831142,47602,tumor cells,1,0,0,0,0,0,0,0,0,0,0,0,0,0,0,0,,
82337,82337,82337,10666,173817,reg043_B,reg043,B,2,1069,2,22,43_B,0.0,0.0,0.0,421.8214722,0.700149775,0.0,173.85957340000002,848.3326416000001,0.0,0.0,4.196805477,0.0,0.0,3.831299782,0.0,0.0,9.495096207,0.0,0.0,0.0,0.0,0.0,72.35901642,0.0,346.9983826,343.1272583,0.0,0.0,2468.049316,0.0,100.9290695,0.0,0.0,124.0089111,0.0,0.0,0.0,0.0,0.0,0.0,0.0,0.0,0.0,377.2773743,0.0,0.0,0.0,17.20236778,0.0,2596,43,194,5,944,1005,8,8947,486.5952454,26.96261406,0.0,0.0,0.0,1166.249512,1.958275318,0.0,883.9364624,3.997791767,47602,tumor cells,1,0,0,0,0,0,0,0,0,0,0,0,0,0,0,0,,
82339,82339,82339,10666,173830,reg043_B,reg043,B,2,1082,2,22,43_B,0.0,0.0,94.14886475,223.2330322,19.15550804,0.0,0.0,1535.595093,0.0,0.0,0.0,0.0,0.0,8.582658768,0.0,0.0,16.19877243,0.0,0.0,15.73373795,0.0,576.9385986000001,205.6798859,0.0,63.49646759,383.2575378,0.0,0.0,218.53628540000005,0.0,102.2950516,0.0,4.85865593,55.66975021,7.637985229,0.0,0.0,0.0,0.0,90.49832153,0.003153468,0.0,387.3602295,308.3641663,5.693186282999999,0.0,65.50704956,0.0,0.0,2626,43,191,134,941,1134,10,7492,1282.435913,315.9555359,0.0,665.3811035,0.0,1270.710083,17.2195015,0.0,1230.7307130000002,4.885538101,47602,tumor cells,1,0,0,0,0,0,0,0,0,0,0,0,0,0,0,0,,
82350,82350,82350,10666,173911,reg043_B,reg043,B,2,1163,2,22,43_B,576.2428589,435.7247314,355.0283508,777.3579712000001,47.25207901,51.93130493,499.1323242,1096.480957,50.18683243,198.7893524,5.9643731120000005,267.5497131,214.1933594,43.46793365,80.37312317,165.28140259999998,54.06868362,230.41549680000003,0.600712001,46.69820786,7.051297665,358.6628723,129.4286804,4.548269749,865.8942870999999,377.3563232,30.40383339,112.707077,1297.311279,240.4156952,167.3617401,0.285656273,634.4188232000001,130.9754486,49.04745483,5.203678608,11.99602222,119.5822601,6.532119273999999,22.59950829,1.3351111409999998,72.62425995,1381.681152,802.4849853999999,135.6962128,4.327834606000001,225.9698792,80.20530701,0.179157034,2761,43,228,29,978,1029,8,19523,980.9050903,122.0667877,26.25610924,681.6681518999999,9.533411026,1388.56665,20.3301487,8.494825363,1134.029297,3.331588984,47602,tumor cells,1,0,0,0,0,0,0,0,0,0,0,0,0,0,0,0,,
112405,112405,112405,10674,173669,reg043_B,reg043,B,2,921,2,22,43_B,734.2423706000001,749.7290649,645.6906738,1399.063721,63.91843796,1.662480831,1236.995361,2350.296631,1.902398348,208.9652557,79.71173859,211.3771515,197.9978027,41.24003983,29.95830917,143.88731380000002,66.00736237,131.7927094,0.0,59.99544525,20.87763596,1884.520874,227.0102386,24.53977203,1763.501221,478.1243286,2.126988649,47.14676666,191.5348053,72.88097382,247.123291,0.0,1971.625366,170.7294312,0.150003344,7.740971565,0.0,43.92937851,0.130714744,53.03642273,0.001968076,49.10341644,1281.490845,155.44798280000003,9.374788284,6.48657608,34.55561066,91.6860733,0.0,2273,43,86,69,836,1069,14,1626,552.1479492000001,446.5333252,0.3262654239999999,3816.374268,0.0,2127.7971190000003,34.74763107,10.89962292,1157.072388,6.098012924,20139,stroma,1,0,0,0,0,0,0,0,0,0,0,0,0,0,0,0,,
112408,112408,112408,10674,173941,reg043_B,reg043,B,2,1193,2,22,43_B,846.18573,618.0946655,493.382019,1052.338745,72.68055725,13.04526711,583.069397,924.5402832,18.07374382,319.4589844,3.971947432,305.3944702,269.7719727,65.74029541,15.1553669,220.9936523,78.36380768,801.1880493,0.216206819,65.45724487,0.0,315.1051636,108.9936295,0.0,775.1228637999999,315.3891602,16.50016403,94.99972534,282.4365234,273.0087585,165.7840424,0.216212913,358.2173462,133.5811462,0.0,7.154194832000001,6.66804266,72.93540192,2.328205347,26.56360817,0.0,222.458847,627.5326537999999,262.6976624,0.0,6.509535789,524.1838989,78.85767365,0.238203302,2818,43,234,64,984,1064,7,9141,1033.380493,116.85497279999998,6.84005785,417.7619324,1.970952272,1180.11145,20.26383972,10.01235008,1371.223633,4.980265617,20139,stroma,6,0,0,0,0,0,0,0,0,0,0,0,0,0,0,0,6.0,Tumor boundary
144390,144390,144390,10658,173893,reg043_B,reg043,B,2,1145,2,22,43_B,653.6853027000001,558.2553101,350.2454224,1012.524292,88.14867401,19.76019859,520.1647339,1191.431274,18.49684334,272.4617615,8.567344666,180.1782379,340.06604,71.69413757,13.70499992,204.6811981,85.65163422,302.716217,0.255891621,72.63716125,0.0,360.394928,176.80935669999997,1.815534472,1775.960327,462.3768005,3.900880575,91.57471466,137.7349091,411.9309387,202.6098328,0.19305788,649.5285034,167.37463380000003,2.995169401,11.1497345,14.66016102,49.33230972,9.014933586,57.72895813,0.0,1134.02356,765.2492065,1238.866577,2.417349577,10.20661545,181.2875671,103.0761642,0.0307485,2730,43,219,199,969,1199,8,6432,1959.493896,103.3983383,2.577982187,438.5799255,0.639437735,1208.654419,32.85961914,16.33605576,1842.424194,5.717409611,39596,CD68+CD163+ macrophages,1,0,0,0,0,0,0,0,0,0,0,0,0,0,0,0,,
178366,178366,178366,10657,173878,reg043_B,reg043,B,2,1130,2,22,43_B,1234.3321529999998,782.3555298,3814.774658,1322.134033,114.6039963,91.94276428,1032.57251,1149.273682,10.32449055,444.1734313999999,7.320372581,349.6862793,456.0456848,86.21759796,49.32114792,333.484375,152.2036591,774.1375122000001,0.0,166.6696625,0.0,700.7622681,188.5553131,0.0,2174.236084,560.3060912999999,17.10609627,189.1602631,332.5596619,678.0424194,243.42776490000003,0.0,959.1730347,183.19664,1.939159989,17.02360725,4.245393753,85.98642731,1.5751690859999998,1049.164917,0.012173015,238.6062622,2827.698486,649.0518799,14.60844803,12.68484306,656.7501831000001,125.0695572,0.0,2705,43,208,98,958,1098,9,4702,2190.432373,149.9710693,8.223129272000001,956.1032104,0.043837,1265.389648,85.31126404,16.28789711,1939.979004,6.167451859,16675,CD8+ T cells,0,0,0,0,0,0,0,0,0,0,0,0,0,0,0,0,1.0,T cell enriched
189472,189472,189472,10675,173562,reg043_B,reg043,B,2,814,2,22,43_B,1916.730835,1594.231079,1797.972168,4224.450684,123.13269809999998,23.14807892,2274.0354,3005.458496,22.472072600000004,963.6815186,488.703125,1202.855835,967.1573486,103.3500977,99.1312561,754.6340942,131.35041809999998,1105.039673,0.004881064,128.506897,0.0,1787.9865719999998,236.0651398,93.99330139,2704.014648,582.1312866000001,9.314786911,351.6104736,222.9591675,650.0147095,361.1703796,0.000322,2966.829102,265.98440550000004,0.12858142,23.17656708,2.508630991,408.277771,0.522030056,117.5012741,0.0,152.1794739,1211.216187,381.9375,0.126349896,18.37885094,150.1506653,181.3358459,0.011430302,2074,43,16,168,766,1168,12,1573,470.4234924,628.3095703,8.086835861,4637.891113000001,0.631087661,2487.533203,51.01332855,35.88302612,1783.68689,6.41734457,7357,dirt,1,0,0,0,0,0,0,0,1,0,0,0,0,0,0,0,,
189475,189475,189475,10675,173565,reg043_B,reg043,B,2,817,2,22,43_B,231.82756040000004,346.3195496,20.19673157,1815.002319,44.54082108,0.376463294,682.9042357999999,2800.781006,0.252441108,0.0,0.0,0.0,0.0,32.33056641,0.0,0.0,56.20576859,0.0,0.002145839,52.21662521,6.531234264,1563.781982,247.7731628,3.921664953,1287.886841,519.7435912999999,0.238105565,0.0,146.98808290000002,0.0,249.8598633,0.001638751,1562.023193,162.05514530000002,0.007338514,3.827826738,0.0,0.0,0.0,45.94687271,0.0,4.680980682,390.6505737,155.7650146,0.0,3.0770175460000004,0.0,94.89992523,0.000401,2079,43,2,125,752,1125,10,5208,1105.839844,490.8236694,0.128012761,3120.831055,0.0482926,2493.070313,27.63273621,8.905830383,1289.8359380000002,5.680963516,7357,dirt,1,0,0,0,0,0,0,0,0,0,0,0,0,0,0,0,,
189478,189478,189478,10675,173568,reg043_B,reg043,B,2,820,2,22,43_B,0.0,0.0,0.0,740.4493408,9.84545517,0.0,0.0,2227.5354,0.0,0.0,0.0,0.0,0.0,2.77496767,0.0,0.0,17.50744438,0.0,0.0,18.80857468,0.0,1585.379761,296.8492432,0.0,638.8681641,482.5915222,0.0,0.0,176.8432159,0.0,201.1951447,0.0,728.7699585,129.6301117,0.0,0.0,0.0,0.0,0.0,14.54742813,0.000399,0.0,383.4109192,206.5456543,0.029301675,0.0,0.0,57.60979843,0.0,2084,43,6,164,756,1164,12,1152,882.8916626,421.2947083000001,0.0,2103.875,0.0,2161.589355,21.7144413,0.0,1029.138916,5.738644122999999,7357,dirt,1,0,0,0,0,0,0,0,0,0,0,0,0,0,0,0,,
189492,189492,189492,10675,173583,reg043_B,reg043,B,2,835,2,22,43_B,988.9512939,892.9258423,864.0197754000001,1727.0838620000002,82.08792877,3.039025784,1319.76123,2217.314453,3.313510418,432.1687012,12.28827763,425.9815979,364.7856445,55.42412567,272.6383972,262.12799069999994,78.24897766,204.7036591,0.0,71.68909454,0.506107748,927.8505859,216.6504364,40.15951157,1928.019165,652.8314819,1.953337312,63.98285294,345.2033081,169.1586151,262.631073,0.0,1915.840576,207.3608856,0.0,10.86200905,0.464166284,50.99732589999999,0.04587416,65.87419891,0.0,11.00918674,415.5212708,140.43508909999997,0.0,7.093122959,10.00097561,100.536438,0.0,2113,43,30,35,780,1035,12,2920,341.3946838,461.1607971,1.336420894,3781.317383,0.151373684,1813.84668,29.585886,15.09755135,1028.396606,6.120238304,7357,dirt,1,0,0,0,0,0,0,0,0,0,0,0,0,0,0,0,,
189499,189499,189499,10675,173590,reg043_B,reg043,B,2,842,2,22,43_B,197.3082733,444.4485474,90.83655548,1550.735596,45.15226364,0.0,1159.673096,3209.845947,0.0,0.0,8.131512642,0.0,0.0,29.94574738,0.0,0.0,53.32811737,0.0,0.000975,50.5213356,0.0,1769.345825,348.3419189,0.0,2034.576172,655.1403197999999,0.0,0.0,293.8665466,0.0,342.35150150000004,0.000254,2231.944336,221.2755585,0.007412695,2.790339947,0.0,0.0,0.0,43.68757248,0.0,0.0,458.6566162,191.7854919,0.0,1.70857811,0.0,89.08770752,0.000627,2128,43,29,22,779,1022,14,4165,1096.279785,528.295105,0.0,5094.398438,0.0,2781.229736,29.55101013,4.20068121,1201.451904,5.626697063,7357,dirt,1,0,0,0,0,0,0,0,0,0,0,0,0,0,0,0,,
189504,189504,189504,10675,173597,reg043_B,reg043,B,2,849,2,22,43_B,429.4172058,529.5574341,351.88705439999995,1043.961182,47.66611099,0.474079698,1056.7189939999998,3022.613037,0.03119896,137.7937775,12.58910084,121.5756378,108.22116090000002,34.63889313,2.667514324,30.15080643,52.74015045,48.68756104,0.0010718289999999,55.0700264,0.0,1714.589111,341.5415649,12.17019653,1902.185547,627.5991211,0.361511737,13.31899261,308.81555180000004,32.63244247,305.69149780000004,0.0,2041.829834,235.5042267,0.033097543,4.609427929,0.0,7.659357071,0.074155502,47.37108994,0.0,4.91054821,499.588562,112.4662018,1.091895223,2.842067957,6.110427856,113.3996353,0.0,2144,43,38,87,788,1087,8,7481,434.6017456,384.7411499,0.2190260289999999,3724.628662,0.039206877,2713.117188,28.6531868,7.664483547000001,908.9749146,4.998832226,7357,dirt,1,0,0,0,0,0,0,0,0,0,0,0,0,0,0,0,,
189506,189506,189506,10675,173599,reg043_B,reg043,B,2,851,2,22,43_B,904.1173096,869.6851196,850.7789307,1243.187012,63.49628067,14.64377213,1278.5352779999998,2342.15918,10.88862896,412.82052610000005,0.0,471.3392334,393.9150391,47.88087082,47.31298828,323.9856567,73.2665863,320.59320069999995,0.072426595,64.48901367,31.5529213,1363.595337,185.5983276,80.65532684,1810.315063,416.6656799,6.041609287000001,118.4584045,158.9667358,262.2046204,256.1569214,0.009569282,2086.13208,184.6435547,0.317355067,11.14255524,3.997853756,126.399704,1.310095549,59.31694412,0.000479,56.66553116,843.4665527000001,192.4511414,0.433177769,8.079381943,65.56726074,115.1071625,0.124616154,2147,43,27,145,777,1145,10,3426,583.3138428,321.493103,6.803595542999999,3679.845703,1.156687617,2625.022705,35.26083755,15.06272888,1178.333374,6.131757259,7357,dirt,1,0,0,0,0,0,0,0,0,0,0,0,0,0,0,0,,
189523,189523,189523,10675,173616,reg043_B,reg043,B,2,868,2,22,43_B,259.9353638,424.3958435,156.97589109999998,1671.658813,65.59203339,0.0,584.5367432,1972.744873,0.309999913,74.21669006,0.0,34.40853119,80.09467316,39.75308228,0.0,73.59592438,62.01686478,5.723916054,0.002696681,53.68535233,3.736479282,791.9248657,189.1420441,1.63767159,1164.544556,312.2256165,0.0,1.148386478,53.96954727,69.54072571,226.2143707,0.006370558,1265.680054,146.7204132,0.044542238,8.666415215,0.544518232,2.972284794,0.0,47.25155258,0.003186451,0.0,528.6847534,82.21854401,0.0,5.166588783,0.0,71.02746582,0.013890286,2177,43,45,107,795,1107,8,3481,1714.5732420000002,337.77539060000004,0.0,2759.446533,0.0,1488.810913,31.68192863,8.893611907999999,1612.077515,5.737344265,7357,dirt,1,0,0,0,0,0,0,0,0,0,0,0,0,0,0,0,,
189526,189526,189526,10675,173619,reg043_B,reg043,B,2,871,2,22,43_B,196.9959106,336.2093201,20.96173668,1441.294922,51.844944,0.619208395,528.5824585,2652.26709,0.346140325,19.29225731,0.0,2.775718212,1.090768456,40.61364365,14.13382244,35.94149399,58.81705093,5.852860927999999,0.007718559,58.62068558,0.5170748829999999,1954.481812,281.3010864,3.282843113,1539.963867,549.3953857000001,0.264001846,10.61244965,297.5992432,22.67726898,260.9507446,0.002592494,1554.939331,202.7220459,0.077961296,6.252291679,0.366981149,3.853205442,0.097001769,48.74664307,0.000833,8.3350811,618.7674561000001,163.8946991,0.0,4.626674652,2.143946886,76.66542053,0.010642602,2182,43,35,123,785,1123,7,2975,742.2037964,724.56604,0.352190524,3163.692139,0.033151221,1905.481201,30.77582169,10.10785484,1100.157227,5.876700877999999,7357,dirt,1,0,0,0,0,0,0,0,0,0,0,0,0,0,0,0,,
189529,189529,189529,10675,173622,reg043_B,reg043,B,2,874,2,22,43_B,401.798584,617.6789551,309.02615360000004,1712.719482,44.15058136,0.0,1281.002808,2499.2294920000004,0.0,71.66858673,0.0,47.18397903,66.82387543,29.86125755,0.0,43.13469315,44.34278107,14.64735699,0.002901292,44.01805878,0.0,1578.3161619999998,232.040863,0.0,1728.408936,418.7029114,0.0,3.37714839,128.8510284,10.47651291,260.7078857,0.000906,2029.084473,161.59771730000003,0.026723705,2.80919838,0.0,0.7600243090000001,0.006272366,40.16191483,0.000562,4.0759754180000005,564.81427,147.396637,0.546357214,2.0358629230000003,1.70625782,62.65630341,0.001733166,2186,43,46,46,796,1046,10,5149,870.7537231000001,518.4475098,0.0,4055.15918,0.0,1748.1024170000003,24.76263046,3.517299414,1210.990845,5.729157448,7357,dirt,1,0,0,0,0,0,0,0,0,0,0,0,0,0,0,0,,
189534,189534,189534,10675,173628,reg043_B,reg043,B,2,880,2,22,43_B,290.01263430000006,456.0249329,115.58581540000002,2306.870605,53.04917526,0.0,896.8753662,2634.790771,0.0,22.05926323,0.0,0.0,15.35752106,33.40460968,0.0,29.07161903,54.46287537,0.0,0.0,52.19186783,0.66065377,1083.591919,250.1530457,0.0,1549.893433,535.1098633,0.0,0.2682477239999999,130.9319916,0.0,258.58053590000003,0.0,1664.345093,179.7485352,0.0,3.330283642,0.0,0.0,0.0,47.24376297,0.0,7.0183491710000006,578.2579956000001,289.8713074,0.0,3.252517223,0.0,87.80677032,0.0,2194,43,57,88,807,1088,10,5905,1143.141846,582.4076537999999,0.0,3043.479248,0.0,2009.840576,22.05729675,5.527821063999999,1404.546875,5.69758749,7357,dirt,1,0,0,0,0,0,0,0,0,0,0,0,0,0,0,0,,
189542,189542,189542,10675,173636,reg043_B,reg043,B,2,888,2,22,43_B,580.645874,558.5561522999999,453.1409912,1779.875488,43.57437897,0.0,993.4664917,2236.844727,0.0,140.0102997,215.1475525,122.69551090000002,122.0122223,34.62604523,10.21535683,76.27407074,44.24736023,56.7304039,0.0,43.92254639,0.0,1165.131348,202.7034454,0.0,1456.204224,450.0996399,0.0,2.9605159760000004,159.2709045,25.20248985,205.4526367,0.0,1614.397461,167.7144775,0.0,0.622522593,0.0,0.0,0.0,37.10503769,0.0,21.78946686,827.7962646000001,255.6466675,0.617271483,1.046115994,0.0,55.66119766,0.0,2210,43,47,137,797,1137,10,12972,573.8190308,401.5067444,0.0,2714.537598,0.0,1622.380005,23.61745453,3.868682623,1139.782227,4.522121428999999,7357,dirt,1,0,0,0,0,0,0,0,1,0,0,0,0,0,0,0,,
189545,189545,189545,10675,173639,reg043_B,reg043,B,2,891,2,22,43_B,289.913208,389.9913025,38.82686996,1333.257202,60.21349716,0.300894797,869.0070801,3839.326416,0.468048781,0.0,8.358929633999999,1.721206665,0.0,41.69526672,0.683212936,5.522517681,72.65924072,9.071734428,0.0,66.06394196,8.883227348,1933.112427,394.8365784,2.668758631,1635.036499,668.1644897000001,0.177186444,7.683366776000001,400.1044617,3.120285749,350.0592651,0.0,1863.523804,223.8143768,0.0,6.9505777360000005,0.120699309,2.372615576,0.024079064,48.77159119,0.0,0.0,102.3855362,174.3354645,0.0,3.249746799,0.0,102.3093033,0.0,2214,43,55,34,805,1034,8,3487,1073.698486,565.126709,0.14040941,5991.720703,0.011798442,3393.787354,31.44644928,10.06992149,1108.12207,5.530586242999999,7357,dirt,1,0,0,0,0,0,0,0,0,0,0,0,0,0,0,0,,
189547,189547,189547,10675,173641,reg043_B,reg043,B,2,893,2,22,43_B,332.3885498,157.8235779,22.82415771,534.2191161999999,47.93759537,0.0,64.08524323,1765.0766600000002,0.0,0.0,0.0,0.0,0.0,34.22386169,0.0,0.0,54.30006409,68.92570496,0.0,42.88734436,22.26891708,0.0,174.7053528,0.0,324.0572205,311.1240234,0.0,0.0,62.41507339,4.476931572,142.2534332,0.0,218.6134491,104.1446304,0.252776414,2.923021555,0.0,0.0,0.0,28.24807167,0.0,49.09166336,7.090565681,304.63211060000003,0.7412511709999999,1.44304657,10.04929352,53.13241959,0.0,2219,43,52,193,802,1193,9,8698,1737.3017579999998,404.478241,0.0,1210.325317,0.0,1567.537476,9.849227905,4.721004486,1728.100464,5.07131958,7357,dirt,1,0,0,0,0,0,0,0,0,0,0,0,0,0,0,0,,
189554,189554,189554,10675,173648,reg043_B,reg043,B,2,900,2,22,43_B,351.37554930000005,505.408783,185.5644836,1649.502075,57.37530518,0.368804961,1017.134399,2873.763672,0.313588172,23.23319817,106.8902817,17.46809578,8.897245407,36.40341187,1.5283458230000002,23.66088676,58.8724556,14.66795826,0.0,55.05450821,0.0,2291.604248,315.0406799,0.934918106,1936.490356,546.6502075,0.0,7.669689655,212.89350890000003,66.84918976,302.2483215,0.0,1893.055298,188.8287964,0.0,5.686516762,1.35821259,2.814451694,0.039736938,48.32909775,0.0,8.655422211,772.0606688999999,188.4809265,0.0,4.331830978,0.179419279,88.04499817,0.0,2236,43,69,49,819,1049,14,3651,235.2512817,536.8771362000001,0.091799714,4906.657715,0.011566638,2497.67627,34.30156708,10.17956543,894.0690917999999,5.375838757,7357,dirt,1,0,0,0,0,0,0,0,0,0,0,0,0,0,0,0,,
189558,189558,189558,10675,173653,reg043_B,reg043,B,2,905,2,22,43_B,736.2313232000001,770.760437,584.4279785,1874.794312,55.67223739999999,0.0,1288.5115970000002,1989.011108,0.0,169.41708369999998,0.0,99.26883698,168.1909332,39.45595551,0.0,132.2705994,58.37301254,0.0,0.0,51.66875076,0.0,1357.3790279999998,212.1055603,0.0,1581.723022,405.10958860000005,0.0,0.0,138.0361481,22.47181702,198.9859161,0.0,1855.502441,154.2644043,0.0,4.515594959,0.0,0.0,0.0,44.36465454,0.0,49.75844955,1421.629883,258.39556880000004,0.0,4.438930988,0.0,90.66971588,0.0,2241,43,63,107,813,1107,14,2004,190.3033142,363.887207,0.0,2697.77124,0.0,1768.509155,38.47763443,12.84951401,849.6627808000001,6.0549016,7357,dirt,1,0,0,0,0,0,0,0,0,0,0,0,0,0,0,0,,
189562,189562,189562,10675,173657,reg043_B,reg043,B,2,909,2,22,43_B,579.463501,678.1553345,509.9034729,2360.684082,47.68801117,0.548388898,1253.467529,2437.30249,1.25671649,202.3013763,0.0,166.78698730000002,195.47619630000003,37.84742737,3.722799063,126.8924255,56.36301422,57.90882874,0.024362909,53.54401016,2.157530069,1434.51123,222.2591248,0.0,1683.003296,451.9960022,0.3553504939999999,24.79001427,137.11225890000003,62.36370087,240.8351746,0.006292955,1850.899414,167.2276764,0.04429533,3.968273401,0.798074782,7.284996986,0.340203971,42.70154953,0.000292,7.307908535,946.4701538,190.6963959,0.0,4.208281517,4.652365685,105.5847549,0.017810673,2248,43,69,99,819,1099,12,1292,882.7114257999999,472.6297913,0.806592345,3023.497803,0.280604988,1866.963501,28.35227585,7.725888728999999,1249.654053,6.0953321460000005,7357,dirt,1,0,0,0,0,0,0,0,0,0,0,0,0,0,0,0,,
189572,189572,189572,10675,173668,reg043_B,reg043,B,2,920,2,22,43_B,325.4577637,520.5363769999999,220.2505951,1587.594971,70.07060242,0.347994983,1066.501709,3882.432129,0.0524080279999999,78.00121307,55.93073654,39.7166214,79.3008728,34.39953232,6.067198277,25.74909782,71.20465851,5.203861713,0.09162692,68.32761383,2.996035337,1823.4104,454.682312,3.191130877,2181.977783,993.6685791,0.879738688,0.784967482,572.0279541,0.0,398.9331055,0.0233849979999999,2304.812988,275.3062744,0.426726192,2.18611455,0.451476425,1.893267274,0.278301984,52.63611221,0.022369962,5.792004108,333.1421204,355.75003050000004,0.0,1.249330521,0.0,105.3118591,0.053489707,2271,43,86,38,836,1038,7,18473,3202.683838,542.7676392000001,0.592075765,6908.413086,0.447683096,3529.066162,34.54074478,3.02564168,2844.77417,5.180786133,7357,dirt,1,0,0,0,0,0,0,0,0,0,0,0,0,0,0,0,,
189584,189584,189584,10675,173682,reg043_B,reg043,B,2,934,2,22,43_B,247.5453644,276.9568787,149.36518859999998,900.6273804,40.75936127,16.29596329,453.7256775,2579.022949,12.32383347,53.80448532,0.0,94.89865112,66.37789917,33.4760437,0.0,81.8640976,52.26704025,0.0,0.137458906,49.82799911,9.972618103,1602.873047,345.1831665,54.21669006,1053.59668,522.0774536,6.180384636,34.91244125,220.3963165,71.22854614,257.8598022,0.040511437,1290.243652,218.0079498,0.036127329,6.0823469160000005,3.4310672280000003,40.35115051,1.566748857,44.26408005,0.046335824,0.0,0.0,0.0,0.0,3.591294289,0.0,74.71199799,0.103263237,2307,43,81,171,831,1171,8,11822,1226.916748,350.5880432,5.329286098,3516.8164060000004,1.699111462,3199.08667,29.982351300000005,10.5809288,1285.002075,4.742092609,7357,dirt,1,0,0,0,0,0,0,0,0,0,0,0,0,0,0,0,,
189587,189587,189587,10675,173685,reg043_B,reg043,B,2,937,2,22,43_B,238.0367889,294.5856934,104.5243149,1180.864136,53.37153244,0.0,580.8681641,2369.819824,0.0,19.05508614,365.8045959,5.961679459,4.39418602,38.03275299,0.0,0.0,55.12268066,0.0,0.0,50.71705627,0.317113042,1344.996216,228.9284668,0.0,1039.055542,406.4353333,0.0928316709999999,0.0,149.0758362,6.304282187999999,243.0985565,0.0,1098.114624,163.8476868,0.0253872999999999,5.80944109,0.0,0.0,0.0,42.09600449,0.000491,0.0,0.0,76.87656403,7.93005085,3.017525673,2.683260441,67.62954712,0.0,2313,43,77,80,827,1080,8,15190,1375.52771,475.5137329,0.0,3437.897705,0.0,2206.783691,26.06571198,7.98773098,1443.994263,4.445965767,7357,dirt,1,0,0,0,0,0,0,0,0,0,0,0,0,0,0,0,,
189595,189595,189595,10675,173693,reg043_B,reg043,B,2,945,2,22,43_B,522.7756958000001,596.0095825,154.5935669,2526.2502440000003,78.44661713,0.0,1069.120239,3026.518799,0.0,77.61713409,18.90005112,72.84114075,48.24856567,44.98923111,626.8135986000001,0.0,69.05141449,60.80843353,0.0,72.40811157,1.541602254,1191.338257,297.11923219999994,0.0,1545.776001,1000.256104,0.0,10.41757393,458.7105713,15.15758038,291.4930725,0.0,1931.728394,243.3453369,0.125970736,5.099291325,0.0,13.6028204,0.0,59.08032227,0.0,0.0,140.0247192,165.2253876,3.42357254,3.1948959830000003,22.74578857,74.276474,0.0,2331,43,92,184,842,1184,8,1691,1106.670776,650.4243774,0.0,2940.175049,0.0,1497.494141,32.33730698,8.17759037,1444.602661,5.960148335,7357,dirt,1,0,0,0,0,0,0,0,0,0,0,0,0,0,0,0,,
189601,189601,189601,10675,173699,reg043_B,reg043,B,2,951,2,22,43_B,737.3482666,718.2497559,573.0709228999999,2151.48999,62.38929749,0.0,1385.505737,2302.90918,0.0,157.9914398,0.0,94.27609253,127.2661438,35.67351532,0.0,3.48906827,57.41189575,238.8946533,0.0,47.80878448,0.0,1072.668335,190.7648926,0.0,1802.071899,537.9426269999999,0.0,0.0,141.3257294,0.0,234.9658966,0.0,1892.63208,168.51564030000003,0.127287045,0.057969388,0.0,0.0,0.0,36.76272583,0.0,5.544426917999999,1040.257446,469.026062,0.0054984759999999,0.0,71.88172913,82.48152924,0.0,2346,43,97,176,847,1176,14,7984,724.192749,487.6357727,0.0,2985.48877,0.0,1785.840454,23.67835999,1.174559116,1157.516724,5.347165585,7357,dirt,1,0,0,0,0,0,0,0,0,0,0,0,0,0,0,0,,
189604,189604,189604,10675,173702,reg043_B,reg043,B,2,954,2,22,43_B,193.591156,277.43249510000004,66.45432281,1329.649902,41.05817032,0.0,711.2924194,1942.59082,0.0,0.0,409.7540283,0.0,0.0,33.04606628,0.0,0.0,50.527305600000005,0.0,0.0,44.65037537,0.0,1321.145508,175.55418400000002,0.0,1210.324341,298.6249084,0.0,0.0,71.79522705,69.62584686,196.56633,0.0,1227.302734,152.9511108,0.0,4.912636757,0.0,0.0,0.0,39.89376068,0.0,0.0,224.7798615,134.5640411,4.745031834,2.5921115880000003,0.0,67.66773224,0.0,2351,43,96,52,846,1052,10,2134,364.5552673,480.66922,0.0,2738.956787,0.0,1528.131836,18.93941498,6.317708015,762.5068359,5.850618839,7357,dirt,1,0,0,0,0,0,0,0,0,0,0,0,0,0,0,0,,
189605,189605,189605,10675,173703,reg043_B,reg043,B,2,955,2,22,43_B,1173.017334,1152.018677,1139.988159,2669.897705,90.98365784,6.8128132820000005,1960.510132,3291.621094,4.598202705,536.6792603,168.3576202,535.4934082,504.2550964,58.54353714,84.38626862,383.3495789,93.61578369,307.657196,0.0,84.98896027,4.65755415,1588.758179,325.5275879,48.23314667,2606.810547,721.8712768999999,10.55990505,144.0809479,243.5344391,231.793335,383.4352722,0.0,2951.567627,255.92152400000003,1.419098973,9.331907272,0.376536429,130.96606450000002,0.0,76.85586548,0.001695855,42.50915909,817.4584351,209.854538,0.0,5.93043375,69.11322784,138.690155,0.0,2354,43,107,55,857,1055,14,4919,1651.26062,682.1643677000001,2.055879593,5399.051758,0.0,2849.010254,48.38511658,13.02473354,1997.694824,6.122848511,7357,dirt,1,0,0,0,0,0,0,0,0,0,0,0,0,0,0,0,,
189612,189612,189612,10675,173710,reg043_B,reg043,B,2,962,2,22,43_B,206.452713,279.0136719,78.78826904,929.6479492,46.37027359,0.0,543.2033691,1800.778564,0.0,29.60955811,437.2841492,10.38530445,22.91514587,42.22792435,0.0,31.17270088,48.62363052,0.0,0.155340284,45.16733932,5.362392902,796.7410888999999,136.4927216,0.0,954.9077148,366.9887085,0.0,0.0,229.4892731,4.598823071,181.1900787,0.039769951,1051.094482,138.28521730000003,0.122043796,4.307225704,0.383409083,0.0,0.393959314,37.19740677,0.005111551,0.0,0.0,88.86562347,0.0,4.5009093280000005,0.0,58.00388718,0.091059566,2368,43,105,70,855,1070,8,8182,620.4371338,367.4362793,0.0,3187.92334,0.7304651740000001,1505.370117,12.46032238,6.03055191,856.6725464,4.434719086,7357,dirt,1,0,0,0,0,0,0,0,0,0,0,0,0,0,0,0,,
189613,189613,189613,10675,173711,reg043_B,reg043,B,2,963,2,22,43_B,1110.930176,1142.729736,633.5164185,1677.757446,94.24788666,0.0,1379.5,2279.574951,0.0,403.3934326,0.0,261.4157104,390.1668701,85.55101013,0.0,236.7484436,101.4493027,4.923662663,0.0,95.90213776,1.37853229,611.5715332000001,254.1120758,0.0,1965.553345,557.4452514999999,0.0,111.8352203,226.2845917,256.7533264,275.4676208,0.0,2061.069092,222.4632111,0.0,29.1742878,0.0,0.0,0.0,83.06082153,0.0,0.0,0.0,167.0503387,0.0,18.99696732,133.7864532,156.5252838,0.0,2371,43,106,113,856,1113,7,1487,336.2784119,428.0488281,0.0,4111.963867,0.0,2657.662842,38.58616638,35.77015686,910.6234131,5.80448103,7357,dirt,1,0,0,0,0,0,0,0,0,0,0,0,0,0,0,0,,
189634,189634,189634,10675,173737,reg043_B,reg043,B,2,989,2,22,43_B,819.3950806,673.3499146,559.3046264999999,853.4804687999999,64.78967285,0.783449471,1037.22168,1940.889648,3.042467117,162.5316925,2.235192299,209.3901978,154.5984497,44.46067047,0.0,103.5219879,60.37583542,647.9530639999999,0.0,47.6955986,0.61913383,872.4463501,171.4958649,0.0,1537.867065,435.5433655000001,0.630835116,44.19391632,76.51940918,63.06394196,216.606842,0.0,1503.581177,145.772995,0.0,5.075376511,0.0,36.0143013,0.549607098,44.25017548,0.0,77.04570770000001,731.8572998,837.6491089,7.433051109,5.174592972,83.15516663,103.5042038,0.0,2423,43,117,163,867,1163,8,6133,531.3682251,214.3457947,0.0,3414.540527,0.0,1785.3895260000002,24.21881866,11.53718948,940.5390015,5.44005394,7357,dirt,1,0,0,0,0,0,0,0,0,0,0,0,0,0,0,0,,
189652,189652,189652,10675,173763,reg043_B,reg043,B,2,1015,2,22,43_B,492.276947,498.3046875,130.0776062,885.4703979000001,57.03939056,0.0,633.8007202,3431.273438,0.0,36.50223541,0.0,44.6163826,34.04472351,32.26894379,0.0,1.175255895,54.37006378,56.54139709,0.0,48.09241867,0.0,1337.516602,311.8942566,0.0,2491.351807,984.9946899,0.0,0.0,359.70550539999994,0.0,316.76516719999995,0.0,1486.532715,269.9260254,0.0,2.463274717,0.0,0.0,0.0,34.77536774,0.0,0.0,29.16555786,188.1061401,49.86668777,0.48036626,0.0,93.68123627,0.0,2488,43,145,102,895,1102,7,732,276.6728516,515.1589355000001,0.0,4156.960938,0.0,3307.660889,11.20174694,3.096394539,924.3110962,5.449351788,7357,dirt,1,0,0,0,0,0,0,0,0,0,0,0,0,0,0,0,,
189683,189683,189683,10675,173801,reg043_B,reg043,B,2,1053,2,22,43_B,744.2866211,576.565979,643.0974731000001,1522.317139,86.54528809,11.37215519,763.6746216,873.6601562999999,38.90032196,468.8614502,39.59499741,350.2221985,408.8849182,77.39479828,160.2116852,425.4837341,94.0112915,373.9720764,0.0,84.58547211,17.55521965,0.0,45.05819702,0.0,612.3442993,234.259903,0.0,203.0495605,458.8585205,543.0887451,149.87988280000002,0.0,780.756897,112.192543,0.0,19.76519585,18.14375496,175.9190521,10.53386784,65.0383606,0.0,73.65349579,0.0,0.0,2.338724613,17.52909851,212.5828857,137.4323425,0.0,2568,43,172,51,922,1051,8,857,421.1887206999999,145.1154327,5.765639782,244.8405457,2.621972561,1320.23645,28.59828949,32.34526825,767.7478027000001,6.545955181,7357,dirt,1,0,0,0,0,0,0,0,0,0,0,0,0,0,0,0,,
189693,189693,189693,10675,173812,reg043_B,reg043,B,2,1064,2,22,43_B,74.23571777,168.0632477,0.0,1547.578125,45.56614304,0.0,384.1130066,3673.199951,0.0,0.0,0.0,0.0,0.0,17.40848351,0.0,0.0,32.59433365,0.0,0.0,32.68506622,0.0,2234.940918,426.8292847,0.0,1842.379028,723.4650268999999,0.0,0.0,1424.110107,0.0,301.5870361,0.0,1573.9165039999998,249.8252716,0.0,0.0,0.0,0.0,0.0,22.28388405,0.0,12.81978703,31.53513145,499.3508606,0.040805764,0.0,0.0,56.38377762,0.0,2587,43,170,16,920,1016,10,15372,1226.119263,468.0092773,0.0,3538.5214840000003,0.0,2997.160645,22.42153168,0.0,1314.357788,4.457140923,7357,dirt,1,0,0,0,0,0,0,0,0,0,0,0,0,0,0,0,,
189694,189694,189694,10675,173813,reg043_B,reg043,B,2,1065,2,22,43_B,1124.592529,1187.432007,1073.69519,2251.538818,92.60930634,0.0,1803.953979,2764.131104,0.0,475.6781006,4.1886901860000005,497.0314331,437.49371339999993,58.20338058,0.0,221.1305847,73.59552765,617.241394,0.0,76.30838013,0.0,1572.3942869999998,343.2875671,82.11666107,2701.989502,569.4224853999999,0.0,52.55786133,117.491478,142.2984467,319.9653015,0.0,2927.084473,266.1142578,5.17765522,8.200408936,0.0,42.43478012,0.835740328,59.66381454,0.009053953,0.0,852.8878174,288.8648682,29.33204842,6.193999767,305.9494324,83.77920532,0.0,2589,43,170,126,920,1126,12,3834,573.8151245,445.2175293000001,0.0,3853.639404,0.0,2395.069824,42.53368759,14.11055756,869.7485352,6.030677795,7357,dirt,1,0,0,0,0,0,0,0,0,0,0,0,0,0,0,0,,
189699,189699,189699,10675,173820,reg043_B,reg043,B,2,1072,2,22,43_B,1565.687622,1270.168091,1156.609375,1217.473145,79.44739532,238.3025055,1221.139282,1290.637451,199.4344482,603.3067627,24.63829613,812.9094238,635.9963379,85.23596191,477.9604492,479.4489136,83.59118652,851.8400268999999,9.605986595,66.60179138,77.87499237,428.0498047,116.3857956,59.31270218,2404.996582,617.7449341,204.486618,368.0133667,820.237915,587.3527222,137.1259155,2.206334591,955.5596924,125.8249893,384.3363342,24.05697823,82.11722565,357.9856873,46.31190109,60.1061554,0.2345312389999999,343.3055725,710.5039062999999,482.2934875,9.798399925,20.81997299,345.8191833,83.33098602,5.383395672000001,2603,43,179,65,929,1065,10,2500,640.6274414,211.7012939,147.69017030000003,1080.254517,42.51632309,1338.884277,25.38109779,29.38672638,833.9931641,6.84891367,7357,dirt,1,0,0,0,0,0,0,0,0,0,0,0,0,0,0,0,,
189701,189701,189701,10675,173822,reg043_B,reg043,B,2,1074,2,22,43_B,958.5363159,640.8095093,420.9377747,1006.185181,68.24027252,0.0,562.9060059,1310.621948,74.91675568,88.71974182,1.5421537159999998,141.33522030000003,70.10871887,53.62390518,0.0,67.39739227,57.22200394,188.3836975,0.0,21.41464615,0.126280114,54.14176941,79.8551178,0.0,521.3027344,197.0798798,0.0,0.590519726,32.96577835,67.96902466,132.371994,0.0,298.7885437,55.25156784,0.0,6.371259689,0.0,0.0,0.0,28.42181015,0.0,171.4849701,108.3999634,501.2669067,1.409251332,7.162097931,4.545669556,70.32125092,0.0,2607,43,175,196,925,1196,10,3052,660.0141602000001,167.91287230000003,0.0,778.5490112000001,0.0,1021.620361,3.2987051010000004,11.20706463,945.7406616,5.8137412070000005,7357,dirt,1,0,0,0,0,0,0,0,0,0,0,0,0,0,0,0,,
189702,189702,189702,10675,173824,reg043_B,reg043,B,2,1076,2,22,43_B,640.2459717,252.9804688,345.4154358,807.0187988,47.81240082,0.0,350.9541626,1132.561157,0.1165990309999999,71.45570374,1.047155619,112.8485565,161.6186829,40.28100204,0.0,32.61709976,72.91017151,184.406662,0.021078639,49.32577133,0.171146855,0.0,66.91214752,0.0,428.3962402,316.91635130000003,0.0,54.55762482,80.36519623,63.82722473,143.8500519,0.006148591,139.18571469999998,124.324173,0.0,3.4825038910000004,0.0,1.169982791,0.0,77.98705292,0.0,196.0496674,0.0,140.4059143,0.0,2.2394740580000003,0.0,166.73539730000002,0.01144749,2610,43,185,123,935,1123,10,11711,1188.6936039999998,197.549469,0.0,511.6613464,0.0,1094.25415,4.210610867,6.444349766,1452.574341,4.528953552,7357,dirt,1,0,0,0,0,0,0,0,0,0,0,0,0,0,0,0,,
189705,189705,189705,10675,173828,reg043_B,reg043,B,2,1080,2,22,43_B,55.57664108,168.32772830000002,0.0,1022.72052,25.00941086,4.599255085,372.8746033000001,3314.057129,0.0,0.0,16.07128334,0.0,0.0,14.52801228,0.0,0.0,42.62569809,0.0,0.902602911,31.7953167,0.0,3937.667725,369.9124451,6.311649322999999,1532.752441,749.2696533,18.73721695,0.0,1831.243164,0.0,280.3897705,0.373061985,654.1887207000001,198.4541626,35.03457642,0.0,0.0,0.0,0.0,22.28407097,0.947597623,0.0,747.9746094,411.4829407,3.000141144,0.0,0.0,44.51066208,0.73827213,2621,43,163,31,913,1031,10,1501,1281.5900880000002,624.9616089,4.884827614,3063.6645510000003,1.6393618580000002,3200.231689,16.36518669,0.0,1129.17041,5.792986393,7357,dirt,1,0,0,0,0,0,0,0,0,0,0,0,0,0,0,0,,
189707,189707,189707,10675,173831,reg043_B,reg043,B,2,1083,2,22,43_B,519.1364746,458.657074,347.97671510000004,1679.542725,69.9556427,4.297530173999999,923.3493652,1748.46228,3.079704285,135.7870026,3.474829435,162.9364929,139.2839966,50.38274384,14.60132504,89.35519409,67.35163116,107.8852997,0.018974539,57.15491486,0.395675629,985.7520752,258.2839966,118.1454239,1288.057373,337.6437378,2.217908144,49.81934357,382.2633667,74.91628265,239.3942413,0.044496045,1306.730835,240.9369049,0.0,6.400450706,0.92109406,41.18480682,2.354339361,33.57730865,0.012320348,26.90896988,137.0898132,112.97399140000002,1.269652128,4.333257198,16.58953476,73.02765656,0.02031146,2627,43,191,161,941,1161,8,9374,1056.14978,289.3152771,0.715879261,1178.827637,0.134733692,1962.27356,37.10908508,8.78288269,1348.861938,5.099022388,7357,dirt,1,0,0,0,0,0,0,0,0,0,0,0,0,0,0,0,,
189731,189731,189731,10675,173863,reg043_B,reg043,B,2,1115,2,22,43_B,585.7720947,377.0947571,1055.275391,815.5394897000001,65.55619812,32.84170151,416.3330688,1341.216919,37.12849045,309.6737976,1.185910225,322.4535522,299.1434021,63.99217224,64.29271698,116.4443512,83.36479187,394.1262512,0.085319743,79.34980011,0.0,33.30657196,131.1331482,0.0,1582.189453,678.5778809,0.0,122.6457825,2472.272217,555.3004761,216.588562,0.0,648.2188721,221.3706665,57.64086533,8.079456329,3.987297058,79.23226166,1.333144665,365.85784910000007,0.0,711.5647583,162.8153381,988.4113159,26.47912979,6.840162754,164.2154846,130.2333832,0.046066359,2680,43,203,34,953,1034,10,4120,801.5101929,110.12529750000002,0.0,912.7314453,0.0,1457.493774,10.03106213,8.66823101,1036.456665,6.072692394,7357,dirt,1,0,0,0,0,0,0,0,0,0,0,0,0,0,0,0,,
189796,189796,189796,10675,173940,reg043_B,reg043,B,2,1192,2,22,43_B,577.0127562999999,426.1967773,613.7904053,848.454895,40.84704208,48.92823029,610.3025512999999,686.7648315,70.46198273,267.7567139,3.0596699710000004,347.5559998,225.4187469,46.40830231,80.7444458,195.6460571,55.35051346,346.9285889,0.662424803,46.95289993,3.05766201,467.9972839,260.1183472,227.6245728,1497.727295,246.74183650000003,42.94835663,144.0227051,858.2930908,349.7991333,186.6581726,0.931967497,1448.851807,217.1094818,87.30962372,10.49452686,24.52190018,187.1659393,13.62263107,50.32156372,0.0,0.0,0.0,0.0,0.0,8.199580193,109.9545212,68.85469818,0.506124437,2817,43,234,8,984,1008,10,1039,148.02246090000003,71.62127686,34.21879196,172.9974213,17.32129669,1286.739136,25.49777985,11.13663864,666.3186035,6.438171387000001,7357,dirt,1,0,0,0,0,0,0,0,0,0,0,0,0,0,0,0,,
194227,194227,194227,10673,173954,reg043_B,reg043,B,2,1206,2,22,43_B,601.555481,2561.455078,358.2226257,1221.698975,105.1668091,20.79395294,391.2174377,1282.765015,0.0,818.7108154,2.387993336,217.8804474,577.9923096,48.58369064,1.900677443,160.2323914,173.44502260000002,194.877243,0.05636983,71.47369385,0.127205834,617.8790283,187.0291595,0.750378788,1453.933228,597.3907471,2.105308771,83.38571929999999,451.3658752,310.3493958,314.3920898,0.0,777.4403076,192.3474884,1.352388501,39.69771576,2.205951691,18.51270676,2.584166765,1162.858276,0.102802604,167.4618835,1245.276733,337.43597410000007,4.653585911,4.680485249,11.47221851,194.0468597,0.106519692,2841,43,240,111,990,1111,9,12568,2281.931152,108.42775729999998,0.149196371,2214.431396,0.0,1796.7329100000002,32.29209137,11.68231201,2368.386963,5.333753586,2791,Tregs,3,0,0,0,0,0,0,0,0,0,0,0,0,0,0,0,3.0,Immune-infiltrated stroma
194228,194228,194228,10673,173955,reg043_B,reg043,B,2,1207,2,22,43_B,291.29681400000004,3388.9033200000003,94.2219162,586.1983642999999,111.8196182,0.7927567959999999,315.4117737,1014.182434,0.0,43.70217133,0.0,12.33032894,264.394989,42.15226746,0.0,54.162609100000005,116.2960281,0.0,0.0,47.80665207,0.0,378.1202698,112.0146866,0.0,885.0543213,323.3927002,0.0038706009999999,30.36081505,142.0432281,116.36401370000002,203.0120239,0.053220298,341.42129520000003,145.3170624,0.0,61.25094604,0.0,0.0,668.0461426,490.8585205,0.0,0.0,919.8499146,518.1958618,0.0,4.069004059,0.0,84.82572937,0.0,2847,43,247,154,997,1154,9,13960,1227.726196,70.50389862,0.0,651.6466063999999,0.0,955.7606812,20.13329124,8.364810944,1413.449707,4.19688797,2791,Tregs,3,1,0,0,0,0,0,0,0,0,0,0,0,1,0,0,3.0,Immune-infiltrated stroma
242960,242960,242960,10661,173734,reg043_B,reg043,B,2,986,2,22,43_B,559.6478271000001,469.809967,383.8395081000001,1012.692444,26.90389061,12.39534473,593.6123047,1864.320557,10.60099125,560.9678955,0.0,388.7876892,254.8281708,33.69942856,9.722598076,117.0417175,15.4938364,284.18804930000005,0.008584898,24.10180664,1.019772172,201.4815063,76.44636536,0.0,690.3746947999999,257.9078064,0.0,104.7469406,63.81721497,116.5741425,114.7652054,0.003015934,780.993103,63.05670929,0.0,0.0,0.061124753,109.706459,0.0,3.41462326,0.003519058,0.0,518.3057861000001,0.0,0.0,0.0,301.598877,0.0,0.006021675,2420,43,122,127,872,1127,14,617,480.8820801,272.0190735,2.29452014,2347.313965,0.300333947,1498.571899,0.0,0.0,677.4593506,6.022036552,6524,undefined,1,0,0,0,0,0,0,0,0,0,0,0,0,0,0,0,,
248261,248261,248261,10665,173868,reg043_B,reg043,B,2,1120,2,22,43_B,463.3684998,266.4951477,0.0,628.7037964,35.88800429999999,16.84334183,277.1065369,846.4888916000001,10.77272511,10.59340954,2.334403276,91.18756866,87.95709229,38.03151321,19.92351532,71.08408356,51.02766037,0.0,0.012505441,24.65553665,10.59352112,338.40725710000004,69.12917328,10.32810783,550.2971802000001,162.6609955,19.55313301,43.23419571,0.0,0.0,108.7755585,0.0067136259999999,382.9611816,92.45198822,0.0,6.35462904,3.5915310380000003,19.48410988,10.60390759,0.0,0.0,0.0,0.0,0.0,0.0,5.098329067,0.0,77.70625305,0.218929186,2690,43,207,116,957,1116,10,4282,1039.966675,73.62885284,0.223485276,346.3820496,0.5539007779999999,1072.579834,11.51878929,10.92610645,1204.88855,5.351834297,1797,tumor cells / immune cells,6,0,0,0,0,0,0,0,0,0,0,0,0,0,0,0,6.0,Tumor boundary
